record_id,ball_speed_mph,launch_angle_deg,launch_direction_deg,spin_rate_rpm,spin_axis_deg,loo_knn_distance,support_threshold,support_category
2,124.2618,9.44,-8.13,1527.26,26.18,1.07301963572,1.40896007673,supported
4,118.4234,15.76,0.83,1933.6899,6.54,0.727148810742,1.40896007673,supported
5,125.4474,10.5,-4.99,2501.9199,9.48,0.631703512742,1.40896007673,supported
8,133.3885,11.52,0.87,1699.51,-18.24,0.903490967414,1.40896007673,supported
9,132.27,12.51,-2.64,3077.6599,11.28,0.457008563901,1.40896007673,supported
10,130.7713,13.97,-3.17,3704.9199,13.33,0.479044765891,1.40896007673,supported
11,134.3951,12.02,3.2,5894.0698,19.69,0.864259103583,1.40896007673,supported
12,137.6387,11.5,-2.62,2523.28,0.49,0.615661917164,1.40896007673,supported
13,141.6652,8.69,-3.22,3181.8799,6.83,0.814451776266,1.40896007673,supported
14,131.241,3.5,-6.75,3458.1899,-12.76,1.12519905494,1.40896007673,supported
16,124.0157,14.05,-7.43,3468.6399,4.55,0.705233976453,1.40896007673,supported
18,120.3695,16.39,-2.78,1716.98,-30.67,0.771757813695,1.40896007673,supported
20,117.1931,16.54,3.31,2538.6399,22.54,0.720510014839,1.40896007673,supported
21,113.2561,20.48,-1.97,4431.4302,10.93,0.632368386884,1.40896007673,supported
23,129.2054,11.04,-2.17,4941.7998,25.74,0.838616859951,1.40896007673,supported
25,126.2079,15.35,7.64,6532.46,29.46,0.908488938548,1.40896007673,supported
26,128.6909,14.78,2.6,5544.5098,13.54,0.674721386866,1.40896007673,supported
28,133.5004,11.94,-4.1,2776.9099,9.39,0.487614293344,1.40896007673,supported
29,75.4519,30.82,1.71,2470.3201,15.11,1.45246659911,1.40896007673,borderline
33,87.7103,26.24,-3.47,2378.6001,5.16,1.1443935059,1.40896007673,supported
34,84.7128,24.7,0.42,4218.3901,9.81,0.726556956949,1.40896007673,supported
35,111.0639,15.66,-7.72,2935.26,25.5,0.999467764833,1.40896007673,supported
36,113.4798,16.41,0.84,2014.41,29.44,0.727561575741,1.40896007673,supported
38,122.6512,12.69,1.56,4722.8599,28.47,0.69926185838,1.40896007673,supported
39,119.2287,15.9,0.42,2905.0901,33.88,0.677445262557,1.40896007673,supported
41,130.1002,8.75,-0.58,4331.6899,29.84,0.872760919832,1.40896007673,supported
42,119.4748,7.26,-4.66,4974.0498,33.13,0.978073830071,1.40896007673,supported
43,86.8379,15.66,-16.53,8943.5703,-10.12,1.92292041557,1.40896007673,borderline
44,123.8144,7.78,-4.94,4221.1499,33.73,0.824588387741,1.40896007673,supported
46,118.2221,16.26,-6.08,2239.6499,-12.62,0.867987736728,1.40896007673,supported
47,116.3654,17.18,-0.66,3158.6599,32.63,0.628660182194,1.40896007673,supported
48,115.068,19.53,-0.53,3298.25,28.54,0.665428316504,1.40896007673,supported
49,118.9826,16.64,6.18,6015.7798,34.71,0.772986133589,1.40896007673,supported
50,111.4218,11.71,-10.01,3629.6799,31.88,1.3112235175,1.40896007673,supported
51,111.8916,19.99,0.91,3489.1201,25.9,0.648352383007,1.40896007673,supported
53,111.981,15.33,-3.42,4624.3901,33.03,0.899290108517,1.40896007673,supported
55,113.9943,19.1,9.96,7168.3701,41.65,1.06265576227,1.40896007673,supported
56,117.5734,17.76,3.66,5294.9702,30.52,0.788944398433,1.40896007673,supported
59,91.7815,6.03,-0.36,3386.74,55.44,1.29664946723,1.40896007673,supported
61,92.8105,21.49,-6.52,2595.03,-12.45,0.862074308456,1.40896007673,supported
64,98.6042,19.13,-1.11,3245.49,-20.38,0.813767209389,1.40896007673,supported
65,104.0175,19.35,1.24,4749.0298,0.37,0.39694597749,1.40896007673,supported
66,114.7996,18.88,-1.74,5507.8701,-3.31,0.681907441348,1.40896007673,supported
67,108.5138,19.4,1.69,4752.21,11.87,0.539412761898,1.40896007673,supported
68,117.7076,14.86,-5.89,3124.28,3.44,0.572772735641,1.40896007673,supported
69,116.0523,16.66,-0.78,3129.4299,10.52,0.62794701983,1.40896007673,supported
70,111.8244,18.75,3.41,3988.77,25.42,0.609813463642,1.40896007673,supported
71,114.3298,15.11,-2.18,2692.8301,7.09,0.669459769235,1.40896007673,supported
73,131.5542,10.27,-11.42,3130.3799,5.59,1.3227286801,1.40896007673,supported
74,130.995,14.28,-5.26,3085.47,14.69,0.508367590206,1.40896007673,supported
75,131.1292,15.03,-4.22,3276.6299,16.9,0.496169553008,1.40896007673,supported
76,122.4499,15.47,-5.95,2708.03,22.25,0.780100407432,1.40896007673,supported
78,132.9859,15.39,0.29,3884.3401,18.32,0.810629313188,1.40896007673,supported
80,115.1351,18.27,-5.8,2294.9099,5.13,0.876809311989,1.40896007673,supported
81,127.4606,19.03,-5.14,3189.3601,3,0.959093688713,1.40896007673,supported
82,118.2221,23.23,-8.8,4910.9199,-1.26,1.29664686261,1.40896007673,supported
83,84.243,41.82,-16.17,6127.23,-22.84,2.55798811131,1.40896007673,borderline
86,102.8767,24.51,1.08,4866.02,16.75,0.871635473665,1.40896007673,supported
87,119.1169,19.19,-2.08,4913.0898,14.71,0.683794462085,1.40896007673,supported
88,79.031,23.17,-5.86,5146.2798,-10.63,0.917650855173,1.40896007673,supported
89,93.1684,17.72,-2.43,5647.8599,-14.6,0.754356363323,1.40896007673,supported
90,92.0052,17.72,-5.77,5676.1899,-24.7,0.912680307979,1.40896007673,supported
91,88.2695,21.01,0.85,5276.8398,-9.88,0.766611683069,1.40896007673,supported
92,103.6596,19.29,-9.5,5766.3301,-28.38,1.07236367171,1.40896007673,supported
94,104.3754,4.54,-2.92,1811.49,-8.35,0.941513600172,1.40896007673,supported
95,95.0698,23.47,0.73,5985.8799,-5.34,0.620548243398,1.40896007673,supported
96,90.8643,22.86,-1.52,4847.6602,-20.61,0.744656564177,1.40896007673,supported
97,82.6995,14.18,0.06,3984.52,-0.59,1.10535091703,1.40896007673,supported
98,80.9547,22.33,3.19,3740.46,6.96,0.876777381999,1.40896007673,supported
99,90.6407,21.09,1.05,6571.54,2.9,0.654022763531,1.40896007673,supported
100,91.1999,21.22,-1.35,5709.6299,-9.88,0.653606376562,1.40896007673,supported
103,99.0292,23.41,5.95,7428.8501,6.99,0.65275014888,1.40896007673,supported
105,98.0449,24.81,4.73,7150.0898,4.86,0.653621039791,1.40896007673,supported
106,97.8436,13.52,-3.45,3597.8301,-6.69,0.732063143359,1.40896007673,supported
107,119.9669,12.93,1.85,3654.3501,5.83,0.504407600945,1.40896007673,supported
108,122.2262,13.07,1.05,3225.95,0.69,0.486686178435,1.40896007673,supported
110,119.5642,10.07,-1.79,2561.4299,-30.7,0.719580369958,1.40896007673,supported
111,111.1086,12.83,-3.45,2867.6799,-40.34,0.822323373228,1.40896007673,supported
113,112.2495,3.46,-3.96,2452.8701,-25.88,0.956902655211,1.40896007673,supported
117,122.7407,11.55,2.76,3509.4399,-22.44,0.744574981261,1.40896007673,supported
118,120.3919,11.88,2.29,2832.77,-69.45,1.14922010805,1.40896007673,supported
120,127.0356,6.29,-0.18,3647.3101,-39.32,0.894218949537,1.40896007673,supported
121,123.9934,8.84,-1.25,2966.48,-34.36,0.688371590302,1.40896007673,supported
123,103.4583,16.09,12.08,2460.8701,-9.45,1.22440518334,1.40896007673,supported
124,127.5277,12.28,2.44,3220.8601,-5.53,0.652278990668,1.40896007673,supported
126,122.1815,12.86,3.18,1647.13,-13.19,0.760191044975,1.40896007673,supported
128,122.1591,2.52,-6.18,2010.1801,-15.06,0.933305653814,1.40896007673,supported
129,110.5718,11.62,10.11,1880.61,-49.56,1.27606501902,1.40896007673,supported
130,112.3837,8.46,-2.67,1385.11,-59.48,0.65479505181,1.40896007673,supported
131,125.2684,2.35,-2.23,2532.1499,-20.25,0.946547793321,1.40896007673,supported
132,115.1127,9.23,-5.78,883.53,-37.62,0.806661675891,1.40896007673,supported
133,110.1915,22.93,-0.96,4131.1899,-27.48,1.21625579742,1.40896007673,supported
134,119.0274,9.27,-5.01,1101.67,-41.02,0.690949533303,1.40896007673,supported
136,102.5635,24.35,-7.08,5503.25,-19.18,1.00728047128,1.40896007673,supported
137,76.0558,38.2,-1.25,4166.54,-14.54,1.49067772294,1.40896007673,borderline
138,118.0655,6.95,-4.96,1850.78,-45.49,0.750538356921,1.40896007673,supported
139,116.2983,15.26,-4.82,2538.1499,-53.18,0.887935610343,1.40896007673,supported
140,79.9481,25.75,-0.5,4793.3398,-0.08,0.731041575491,1.40896007673,supported
141,91.692,24.94,-4.33,4739,-13.55,0.774505478998,1.40896007673,supported
143,84.4443,31.58,4.05,3284.8401,6.64,1.31953798353,1.40896007673,supported
146,92.4749,27.57,-3.25,4567.6401,3.19,0.800823237624,1.40896007673,supported
150,87.3524,15.53,-7.72,2093.3,-51.47,1.11409038823,1.40896007673,supported
151,112.7863,15.27,-5.17,4142.5298,-16.85,0.562105257562,1.40896007673,supported
153,117.0589,14.88,-5.27,4868.1401,-17.81,0.675309864885,1.40896007673,supported
155,104.1741,13.72,-10.44,2678.29,-3.8,1.2562084889,1.40896007673,supported
157,89.634,24.44,5.01,4457.2998,25.58,0.822673348574,1.40896007673,supported
158,97.262,24.39,7.13,5794.79,23.48,0.882333650764,1.40896007673,supported
159,87.4195,21.85,0.71,2933.6899,11.15,0.726550464318,1.40896007673,supported
162,106.5005,14.54,-1.99,4092.29,2.37,0.423809802257,1.40896007673,supported
163,95.4053,17.38,0.72,3430.96,18.28,0.613521128805,1.40896007673,supported
164,116.7233,17.48,1.71,5533.0498,16.67,0.708460591361,1.40896007673,supported
167,91.3117,19.38,-14.15,7915.2402,-12.95,1.33146317457,1.40896007673,supported
168,93.3474,14.15,-0.27,1894.63,-61.39,1.26097320815,1.40896007673,supported
169,118.7366,13.94,-5.26,3163.95,9.08,0.585644998222,1.40896007673,supported
170,98.9844,17.59,2.87,754.69,-5.19,0.968248356466,1.40896007673,supported
171,107.1716,4.74,-5.48,1812.39,13.12,0.548365294026,1.40896007673,supported
172,112.0481,6.81,-0.72,1602.88,-5.16,0.699588402208,1.40896007673,supported
173,116.7457,8.57,-3.96,923.05,-55.52,0.66000680393,1.40896007673,supported
176,120.8169,11.27,0.3,3112.3401,15.44,0.560559395569,1.40896007673,supported
177,117.8194,11.81,-5.42,2167.5601,16.14,0.705589406313,1.40896007673,supported
179,119.7879,7.03,-1.5,1482.77,-5.07,0.685362854822,1.40896007673,supported
180,111.1086,2.68,-10.8,2274.0801,10.54,0.799175066173,1.40896007673,supported
181,120.7051,8.51,-2.35,2949.6001,18.38,0.777268789893,1.40896007673,supported
182,115.3364,15.98,1.29,4167.5698,20.29,0.635479110798,1.40896007673,supported
183,115.672,13.07,-3.48,1410.15,-51.55,0.800981449079,1.40896007673,supported
184,111.1086,14.74,0.26,3525.6201,6.39,0.534094003242,1.40896007673,supported
186,94.4882,7.83,6.88,4570.8101,-3.42,1.39943484749,1.40896007673,supported
187,115.2246,12.16,-3.55,3079.77,-4.55,0.576127178006,1.40896007673,supported
189,96.7922,10.7,-4.07,1770.58,-7.91,1.13968542021,1.40896007673,supported
190,105.0018,13.84,2.13,4663.54,20.84,0.597520016461,1.40896007673,supported
191,107.4848,14.49,-0.54,3135.78,18.61,0.675747703904,1.40896007673,supported
192,85.6747,12.77,11.51,3461.9099,8.09,1.36778677443,1.40896007673,supported
194,102.049,16.13,-3.28,7125.6699,1.8,1.00807273551,1.40896007673,supported
196,102.832,21.18,3.05,7481.1802,12.7,0.564115253703,1.40896007673,supported
197,109.6994,19.05,-5.99,5571.4302,-5.77,0.810659999991,1.40896007673,supported
199,103.6149,16.31,-1.55,6297.5601,9,0.758469455574,1.40896007673,supported
200,104.9347,21.1,-8.91,6522.77,-7.36,0.958030045418,1.40896007673,supported
202,93.9737,21.51,1.74,9036.6104,14.42,1.07856254068,1.40896007673,supported
203,103.1675,22.69,0.88,7922.4199,6.45,0.788081107469,1.40896007673,supported
205,92.3407,15.27,-3.43,2590.8401,-35.35,0.777641861698,1.40896007673,supported
207,107.4848,15.3,3.31,5565.3799,6.22,0.572183813056,1.40896007673,supported
209,83.2364,16.45,6.18,1701.16,6.63,0.82726741108,1.40896007673,supported
210,108.3348,13.13,-2.95,4813.9902,-7.01,0.49780406204,1.40896007673,supported
211,95.9869,18.88,5.63,3642.3899,17.01,0.678421706199,1.40896007673,supported
214,108.044,16.79,2.87,5699.3701,9.17,0.580734752509,1.40896007673,supported
215,106.7019,16.03,-0.49,3680.6299,3.39,0.510102789151,1.40896007673,supported
216,115.493,12.08,-0.63,3005.02,24.09,0.633571500859,1.40896007673,supported
217,112.2047,12.65,4.65,4037.8,14.18,0.620584032297,1.40896007673,supported
218,111.3099,13.59,2.64,2914.48,3.94,0.684356198969,1.40896007673,supported
220,104.4649,14.41,0.34,2263.55,16.63,0.596038694194,1.40896007673,supported
222,116.0746,13.22,2.28,4815.6099,14.98,0.602720997033,1.40896007673,supported
224,112.9876,2.72,-5.93,2332.3101,10.83,0.52382306196,1.40896007673,supported
225,111.5113,14.16,6.86,4852.6299,30.52,0.752559471282,1.40896007673,supported
227,114.7772,10.62,-3.03,2139.76,4.54,0.603552146456,1.40896007673,supported
229,120.9288,9.03,11.83,5503.4902,22.27,1.48303631978,1.40896007673,borderline
230,108.7151,14.52,9.07,4122.1499,36.05,0.869420873126,1.40896007673,supported
231,114.9338,13.95,1.79,4814.9199,27.53,0.556150753678,1.40896007673,supported
232,98.5594,8.67,-7.97,6081.3101,11.41,1.43927510775,1.40896007673,borderline
234,121.1077,11.17,1.27,3729.6799,14.96,0.545984181344,1.40896007673,supported
235,110.6836,3.28,-6.12,2273.75,15.83,0.40892240725,1.40896007673,supported
236,109.0954,3.33,-12.9,1136.62,-40.23,1.60140868248,1.40896007673,borderline
238,121.6222,12.46,3.1,2605.9299,7.33,0.597638349088,1.40896007673,supported
239,119.6761,10.08,-3.2,1295.73,7.28,0.640747238243,1.40896007673,supported
240,132.1582,6.64,0.34,2041.59,-17.6,0.867658598651,1.40896007673,supported
241,124.4184,7.52,-3.92,1138.5699,-13.31,0.913291749586,1.40896007673,supported
242,114.4193,17.39,-2.89,4052.28,16.27,0.680671717851,1.40896007673,supported
245,113.5916,20.45,-3.16,3707.0801,-5.41,0.731484456734,1.40896007673,supported
246,113.0995,15.95,0.22,1686.5,-31.95,0.731522310815,1.40896007673,supported
247,118.9379,13.54,0.75,1268.91,-19.21,0.704514800151,1.40896007673,supported
249,122.5394,10.56,4.22,1722.48,4.19,0.775066613512,1.40896007673,supported
250,123.0986,9.02,4.38,4251.02,16.38,0.583880625504,1.40896007673,supported
251,112.2047,5.1,-6.27,2377.8,21.21,0.464776285174,1.40896007673,supported
253,103.7267,22.02,-1.2,3510.3201,10.69,0.620530335565,1.40896007673,supported
255,111.6231,2.62,-10.6,1916.4,10.09,0.786847903695,1.40896007673,supported
257,120.6603,10.16,-5.02,1590.1899,6.29,0.55625645752,1.40896007673,supported
258,99.4318,15.79,-0.8,1667.91,19.19,0.756229291641,1.40896007673,supported
260,121.0182,7.82,-4.19,2125.1299,8.47,0.616587965809,1.40896007673,supported
262,93.6829,35.25,0.52,4893.4199,-7.96,1.22390516546,1.40896007673,supported
263,88.9182,27.39,-7.6,5407.04,-10.48,0.66759172736,1.40896007673,supported
265,75.8769,20.18,3.61,3508.8101,28.67,1.03569517953,1.40896007673,supported
266,100.9306,19.49,6.59,6092.75,15.53,0.64144424573,1.40896007673,supported
267,94.7342,18.95,3.21,6608.0098,25.43,0.712340112554,1.40896007673,supported
268,88.9182,20.4,-1.45,3241.3799,5.25,0.667761203996,1.40896007673,supported
270,108.7598,17.14,-1.71,4948.21,4.67,0.575695495027,1.40896007673,supported
271,108.7151,12.46,-5.13,4354.6699,-2.52,0.543184119307,1.40896007673,supported
272,88.1353,11.94,6.8,4336.7202,-1.84,1.20945964844,1.40896007673,supported
273,91.6696,12.56,-7.21,1623.27,-26.26,1.07039904419,1.40896007673,supported
274,107.9993,12.58,0.6,5274.98,21.34,0.561045020676,1.40896007673,supported
275,113.7706,14.06,-2.94,4256.1099,6.02,0.618500044479,1.40896007673,supported
276,100.1476,8.21,1.82,2056.3501,-45.66,1.07066082699,1.40896007673,supported
277,80.9995,10.54,5.74,1681.9301,-73.42,1.38345735885,1.40896007673,supported
278,112.4955,8.3,-5.4,1810.48,-60.68,0.65139118422,1.40896007673,supported
283,100.2819,16.74,7.66,1728.5699,56.2,1.28350489246,1.40896007673,supported
285,97.262,19.65,-0.66,3240.5601,17.47,0.543734971824,1.40896007673,supported
286,95.8304,21.01,-1.87,3090.3301,5.52,0.594320446046,1.40896007673,supported
287,114.3746,11.55,2.1,5212.0298,21.24,0.585345896801,1.40896007673,supported
288,99.8568,13.57,2.77,558.24,37.23,1.00170035466,1.40896007673,supported
289,96.658,16.37,7.58,1079.37,81.1,1.84536686303,1.40896007673,borderline
290,95.8527,15.15,5.4,1130.74,24.37,0.679694093968,1.40896007673,supported
292,96.9265,4.41,-6.67,1267.98,48.05,1.38739011711,1.40896007673,supported
293,115.068,9.13,-3.93,2622.8101,-16.52,0.7891215077,1.40896007673,supported
294,104.711,16.16,-2.32,2499.6799,8.6,0.731359831079,1.40896007673,supported
295,113.5245,10.3,-0.69,1564.88,-42.12,0.682375526806,1.40896007673,supported
296,111.8468,10.5,-2.98,2765.9399,2.51,0.658896065064,1.40896007673,supported
297,95.4053,3.94,-5.13,1850.85,32.69,1.06544509982,1.40896007673,supported
298,74.2663,17.11,13.04,1963.74,41.9,1.8583026841,1.40896007673,borderline
299,102.228,13.55,2.78,6539.9199,33.34,1.09233750748,1.40896007673,supported
300,100.7516,16.78,3.71,1918.86,28.25,0.68338999074,1.40896007673,supported
302,111.4665,13.55,6.23,5215.04,21.79,0.786382798886,1.40896007673,supported
303,83.8404,8.69,-9.31,5052.79,8.58,1.577366773,1.40896007673,borderline
304,85.1154,11.31,16.12,10611.6904,-17.65,3.02108969865,1.40896007673,borderline
305,110.9744,7.82,3.04,4603.71,23.02,0.890105516551,1.40896007673,supported
306,112.764,13.06,2.13,3853.1799,24.68,0.590277222673,1.40896007673,supported
307,107.5519,14.24,2.98,2677.03,23.46,0.731899156013,1.40896007673,supported
308,107.7085,9.18,-0.77,3375.5901,25.21,0.694089167081,1.40896007673,supported
309,113.9943,11.06,-0.26,3879.51,22.02,0.575605001526,1.40896007673,supported
310,93.5934,19.81,-0.81,5880.3999,19.95,0.82959694585,1.40896007673,supported
311,104.0175,16.03,-3.53,4267.3301,1.25,0.467021640191,1.40896007673,supported
312,83.6167,20.56,1.2,5415.0298,22.61,0.957502011458,1.40896007673,supported
314,105.8295,19.51,-0.45,4007.1499,11.4,0.496546410294,1.40896007673,supported
315,111.0192,16.66,-4.06,5411.8901,2.03,0.656354299257,1.40896007673,supported
316,89.4327,18.87,-4.49,3604.48,-9.35,0.756944779815,1.40896007673,supported
317,104.3754,15.77,-2.31,4120.5801,-0.55,0.392759883787,1.40896007673,supported
319,111.1534,17.79,-3.81,3939.72,-2.85,0.53454852168,1.40896007673,supported
320,95.9422,18.36,1.56,3572.6499,17,0.566786875104,1.40896007673,supported
321,112.7416,19.07,0.1,4827.3599,-4.43,0.571748004714,1.40896007673,supported
322,93.9737,18.91,2.25,3118.51,-7.97,0.784223953677,1.40896007673,supported
323,89.634,12.8,-1.9,6065.3398,26.81,1.11155574709,1.40896007673,supported
324,95.0698,19.47,-2.31,6160,5.2,0.785533012414,1.40896007673,supported
325,90.0143,6.79,1.96,3111.8601,25.27,1.12292644709,1.40896007673,supported
326,95.7409,20.33,-2.44,5508.77,-24.6,0.783544992757,1.40896007673,supported
327,89.6788,19.94,5.49,4593.1802,21.44,0.626001204828,1.40896007673,supported
329,79.8586,11.12,25.05,6528.0801,12.84,2.891460781,1.40896007673,borderline
333,81.2679,3.99,6.78,7122.54,2.09,1.87033283038,1.40896007673,borderline
334,91.7368,19.05,-7.2,3227.54,-4.57,0.758030089325,1.40896007673,supported
335,79.0533,19.36,-4.87,2163.6599,-8.14,1.07509279397,1.40896007673,supported
336,100.595,18.23,-1.13,4116.6001,-5.9,0.586683630644,1.40896007673,supported
338,97.5975,20.41,1.08,4469.1299,9.1,0.580236511305,1.40896007673,supported
339,102.5635,18.86,1.03,5331.96,-4.28,0.446938821471,1.40896007673,supported
340,99.8121,14.81,2.55,5639.79,6.6,0.610045951991,1.40896007673,supported
341,100.8411,19.43,2.43,4630.8999,-1.45,0.45064797811,1.40896007673,supported
342,104.4426,19.8,3.16,4874.5601,-2.95,0.481821866577,1.40896007673,supported
343,92.4526,15.67,10.74,5225.5898,23.07,1.07637894284,1.40896007673,supported
344,99.0292,16.76,2.89,5832.2998,3.06,0.619230415111,1.40896007673,supported
345,77.398,22.94,-13.2,7631.0098,-11.7,1.39174128307,1.40896007673,supported
346,84.6904,24.33,-8.81,7943.7598,-6.84,1.17277877325,1.40896007673,supported
347,83.1693,28.82,-6.99,5701.0098,-7.46,0.83690096776,1.40896007673,supported
351,106.6795,12.12,-8.6,3892.96,-27.66,0.663428145479,1.40896007673,supported
352,109.0954,13.03,-6.04,3723.26,-23.66,0.559600016865,1.40896007673,supported
353,93.2355,16.4,-0.71,1829.55,-7.18,0.779221037116,1.40896007673,supported
354,104.8228,9.13,-9.56,3278.6799,-24.39,0.854795436464,1.40896007673,supported
356,88.0234,14.53,-5.1,1913.8101,-40.53,0.757210668422,1.40896007673,supported
357,99.6108,7.28,-11.29,2704.0601,-31.86,1.14371916233,1.40896007673,supported
360,110.0349,5.41,-2.72,2525.6001,1.7,0.805056918213,1.40896007673,supported
362,110.3704,17,-2.29,4334.7598,-6.35,0.510267291949,1.40896007673,supported
365,108.3348,13.47,-5.71,4542.7598,-21.09,0.582720840794,1.40896007673,supported
366,85.876,17.82,-2.6,2054.0901,-33.18,0.839031677323,1.40896007673,supported
367,104.3083,4.26,-8.3,2216.53,-20.46,1.0705338068,1.40896007673,supported
368,95.9422,17.14,-3.98,2356.51,-27.66,0.760125191427,1.40896007673,supported
369,100.1476,17.92,3.47,2436.97,-17.72,0.885594773174,1.40896007673,supported
370,108.9612,14.37,-3.56,3441.9299,-26.58,0.708101759069,1.40896007673,supported
371,115.0233,13.05,-5.57,4031.1499,-34.68,0.785391203889,1.40896007673,supported
372,115.6496,13.98,-1.97,4975.0898,-26.34,0.879651666923,1.40896007673,supported
374,102.1385,19.59,1.66,3825.8,2.22,0.570197722463,1.40896007673,supported
377,112.6074,16.54,3.46,1138.29,-56.07,1.11708778604,1.40896007673,supported
379,125.3355,18.86,2.02,3271.25,7.19,0.809941591323,1.40896007673,supported
381,130.0778,8.43,-5.24,15368.3604,-0.61,5.1705256153,1.40896007673,borderline
382,128.1988,4.6,-17.45,2723.5,6.06,1.84020503943,1.40896007673,borderline
383,113.614,11.57,1.5,3422.6299,15.41,0.540844330556,1.40896007673,supported
384,90.0143,18.45,3.25,1972.8199,-20.07,0.889410936245,1.40896007673,supported
385,89.1866,21.1,5.01,2513,25.29,0.782258388295,1.40896007673,supported
386,87.3747,19.74,8.72,2342.46,13.58,0.78259926822,1.40896007673,supported
388,89.3209,20,7.06,2284.23,12.09,0.658929226059,1.40896007673,supported
389,97.5752,20.08,4.69,4848.8301,20.63,0.533637224975,1.40896007673,supported
391,92.5868,14.3,8.54,5020.0801,32.64,1.13582742637,1.40896007673,supported
392,110.4375,15.78,-4.28,4425.73,-7.98,0.503718489251,1.40896007673,supported
394,92.8552,18.38,0.39,2526.6201,5.52,0.716071201706,1.40896007673,supported
395,86.6813,21.2,2.97,2354.53,22.84,0.816075383376,1.40896007673,supported
396,93.2579,9.75,-0.37,3814.0601,22.64,0.986007020348,1.40896007673,supported
398,89.4775,19.18,6.12,7608.8198,22.88,0.959109993623,1.40896007673,supported
401,94.8685,19.86,3.11,6462.2002,19.37,0.61044402173,1.40896007673,supported
402,96.3001,19.89,6.31,6254.6602,18.16,0.617619896817,1.40896007673,supported
403,98.0449,19.97,-1.72,2625.27,13.63,0.627189665602,1.40896007673,supported
404,82.3193,3.58,0.27,2897.95,13.85,1.34515559656,1.40896007673,supported
407,123.9486,11.27,-3.88,3216.8501,-1.57,0.545482056303,1.40896007673,supported
408,119.5642,16.47,0.91,1434.39,-8.73,0.741857058067,1.40896007673,supported
410,116.522,18.3,4.12,3859.04,21.13,0.609035182626,1.40896007673,supported
411,127.1475,14.63,4.39,3159.1899,10.73,0.622239316158,1.40896007673,supported
412,94.3092,28.2,-4.27,5826.5698,-15.21,0.85688574433,1.40896007673,supported
413,89.3656,32.26,-5.24,5925.79,-35.14,1.3465328997,1.40896007673,supported
414,70.3293,40.84,-3.19,4534.9102,-18.36,1.85558788043,1.40896007673,borderline
415,97.7094,5.32,-2.53,2258.95,42.2,1.09326345042,1.40896007673,supported
416,102.049,13.85,6.11,764.89,-1.99,0.870540385205,1.40896007673,supported
417,87.8892,13.49,-3.15,5918.7598,4.27,1.09501478707,1.40896007673,supported
418,101.8477,11.14,-0.92,3403.48,1.75,0.750022235409,1.40896007673,supported
419,124.3065,5.52,0.9,4561.0898,7.75,0.741453048504,1.40896007673,supported
420,117.551,4.02,-1.53,1290.98,3.85,0.862991963256,1.40896007673,supported
421,129.8542,6.82,2.5,2767.5801,-22.03,0.849123455098,1.40896007673,supported
422,116.0299,6.04,1.27,3761.23,-80.49,1.64823351325,1.40896007673,borderline
423,119.1169,6.04,-6.17,2709.29,-22.68,0.873773282473,1.40896007673,supported
426,116.7457,17.02,11.05,6668.8999,28.67,0.934524151501,1.40896007673,supported
428,113.3679,14.97,1.31,4058.29,1.53,0.547172025838,1.40896007673,supported
429,127.0804,10.9,-1.85,2311.49,-11.86,0.682833472923,1.40896007673,supported
433,124.6868,10.92,0.89,4876.3999,13.66,0.687764855695,1.40896007673,supported
434,124.575,11.72,-0.01,1895.6,-0.03,0.591732578316,1.40896007673,supported
435,115.2917,5.9,-6.18,2471.8701,21.05,0.552467930342,1.40896007673,supported
436,121.667,12.19,-0.11,2005.6801,-2.71,0.570210114524,1.40896007673,supported
437,96.8817,17.87,-5.89,3438.3501,-22.97,0.797812021128,1.40896007673,supported
439,92.8552,21.3,5.56,4333.21,13.89,0.637027600817,1.40896007673,supported
441,103.0333,20.32,-0.16,5240.02,0.25,0.539973155719,1.40896007673,supported
442,106.6347,17.57,1.08,4899.98,-6.16,0.471712155013,1.40896007673,supported
443,106.4782,18.7,-0.07,4421.1699,-5.35,0.474144063604,1.40896007673,supported
444,103.7044,23.14,7.45,4628.9399,10.48,0.90928358945,1.40896007673,supported
445,108.0888,21.68,4.18,4778.0698,6.4,0.64957298792,1.40896007673,supported
446,106.165,8.6,-0.68,3045.9099,18.26,0.767309584085,1.40896007673,supported
447,118.7366,14.8,-4.56,4731.4199,-1.25,0.643945490676,1.40896007673,supported
449,117.8865,19.12,10.63,4792.7798,8.83,1.16591807213,1.40896007673,supported
451,104.6886,17.65,-1.04,2458.46,-33.25,0.888264777933,1.40896007673,supported
452,122.3828,14.99,-1.99,4451.8501,-10.71,0.769185463671,1.40896007673,supported
453,111.3771,16.39,5.81,2529.2,-26.66,0.869572092932,1.40896007673,supported
454,124.1276,16.16,3.13,4526.2998,-3.54,0.757181960001,1.40896007673,supported
455,114.1061,13.14,1.8,1663.41,-37.76,0.64574058465,1.40896007673,supported
456,117.6852,9.81,0.57,1882.6801,-35.04,0.649093473176,1.40896007673,supported
457,108.648,13.32,5.32,844.74,-11.19,0.852590588781,1.40896007673,supported
460,123.4565,10.45,-2.19,3004.6299,-4.27,0.558729436516,1.40896007673,supported
462,117.7076,15.26,-2.31,2172.5701,-22.49,0.731610270705,1.40896007673,supported
463,118.4905,15.23,-1.72,2214.9299,-41.7,0.694316485559,1.40896007673,supported
464,121.2867,13.13,-1.22,2444.8701,-48.17,0.789396123457,1.40896007673,supported
465,96.5014,15.69,11.1,1328.84,-51.06,1.24435631404,1.40896007673,supported
466,125.5145,10.67,-1.19,3681.22,-43.15,0.874361982165,1.40896007673,supported
467,116.9694,13.32,2.99,2482.6599,-29.79,0.662360956649,1.40896007673,supported
468,107.0374,15.46,10.41,2491.74,-29.35,1.00437057048,1.40896007673,supported
469,104.711,16.96,8.13,1388.55,-25.71,0.875679367772,1.40896007673,supported
470,105.4715,14.38,4.59,1827.85,-28.96,0.791958755652,1.40896007673,supported
471,115.1127,13.28,1.56,2781.8999,-20.03,0.721826344855,1.40896007673,supported
472,92.4749,26.13,-4.62,5463.7598,-3.31,0.689859187903,1.40896007673,supported
474,90.7078,24.37,2.13,6497.3301,25.69,0.96040078341,1.40896007673,supported
476,96.8817,24.38,-6.96,6586.1899,1.89,1.03124744944,1.40896007673,supported
477,91.0657,17.28,14.8,5287.7598,11.46,1.49346720856,1.40896007673,borderline
479,100.1476,25.11,-11.48,4674.8398,-17.15,1.21784181731,1.40896007673,supported
481,103.5925,14.71,1.5,1559.52,11.16,0.721143774285,1.40896007673,supported
482,107.5072,16.47,-4.33,1496.62,-23.84,0.955709069266,1.40896007673,supported
484,119.9222,11.16,-4.36,3941.8101,-2.24,0.553790294487,1.40896007673,supported
486,125.5369,11.88,0.89,3725.01,-6.76,0.59396538703,1.40896007673,supported
487,118.1102,3.36,-2.35,1845.48,29.46,1.05668845213,1.40896007673,supported
488,80.5521,18.4,3.14,7362.1001,-3.1,1.129176207,1.40896007673,supported
489,85.9431,26.51,-1.12,4123.3501,1.78,0.624005094375,1.40896007673,supported
490,87.1734,24.57,-0.15,6704.8901,-2.75,0.770213938277,1.40896007673,supported
491,93.8618,24.95,1.93,7092.3398,5.23,0.68299691462,1.40896007673,supported
492,106.4782,2.9,4.9,2668.04,25.44,1.49017916462,1.40896007673,borderline
494,95.0251,21.03,2.65,7464.48,0.57,0.654769552092,1.40896007673,supported
495,103.9728,14.59,-2.37,4760.0498,1.05,0.425692872216,1.40896007673,supported
497,91.3341,16.6,-1.5,4359.7798,-9.43,0.77826776308,1.40896007673,supported
498,83.7509,15.58,6.17,1798.21,-8.53,0.976019900154,1.40896007673,supported
499,107.3729,11.83,-7.86,4490.2598,-20.39,0.667710550176,1.40896007673,supported
500,108.2677,16.35,-0.18,5675.7998,3.61,0.618992266327,1.40896007673,supported
501,117.0141,13.3,-4.37,2987.6001,-16.59,0.70776385214,1.40896007673,supported
503,102.1161,16.97,4.7,5133.1201,13.83,0.594473308563,1.40896007673,supported
505,122.8302,8.3,7.06,3917.22,1.16,0.861814744459,1.40896007673,supported
506,95.6514,14.8,7.88,7624.5601,17.96,1.18737044748,1.40896007673,supported
508,121.5551,11.31,3.52,5142.0498,0.05,0.805145313126,1.40896007673,supported
509,100.7292,13,6.3,1305.5,-56.03,1.08304417657,1.40896007673,supported
512,111.9139,11.15,2,1535.9399,-57.3,0.778837645106,1.40896007673,supported
513,123.121,8.22,-0.4,5359.4902,2.7,0.812938687278,1.40896007673,supported
514,104.8005,10.69,-2.23,4190.46,3.35,0.617486827874,1.40896007673,supported
515,131.4424,7.16,4.1,4369.9902,7.84,0.658788913605,1.40896007673,supported
516,130.3239,7.34,2.84,4713.6299,-0.05,0.697097011275,1.40896007673,supported
517,116.6562,9.25,3.34,2562.3201,-51.07,0.864908203545,1.40896007673,supported
518,123.9934,4.82,7.25,3445.6899,-4.22,1.11886737212,1.40896007673,supported
519,109.2072,14.33,5.62,849.24,-24.45,0.796565776391,1.40896007673,supported
520,120.034,10.41,4.32,3988.6799,-15.14,0.83688323324,1.40896007673,supported
522,88.0682,13.52,0.05,4993.6699,18.09,0.946009474848,1.40896007673,supported
525,80.731,29.32,5.09,6339.0801,4.62,1.36708059828,1.40896007673,supported
526,80.0376,28.68,8.82,8812.7695,9.3,1.54996887775,1.40896007673,borderline
527,90.7078,27.92,6.91,7807.3198,16.88,1.0475869225,1.40896007673,supported
530,98.1344,24.33,6.77,8486.1504,16.37,0.949061360782,1.40896007673,supported
531,101.0648,24.33,-0.42,5763.6401,3.68,0.766614274701,1.40896007673,supported
532,98.2686,21.88,0.32,6398.4199,-4.14,0.650398332181,1.40896007673,supported
535,99.6108,19.16,4.43,5252.0498,19.51,0.510409614333,1.40896007673,supported
539,90.8867,15.61,10.33,1084.75,62.19,1.46444293108,1.40896007673,borderline
540,126.7001,14.74,2.13,5169.3198,2.91,0.663935711484,1.40896007673,supported
542,90.663,17.69,6.34,1917.46,11.01,0.674913847463,1.40896007673,supported
543,105.2926,19.58,3.05,7161.4502,8.68,0.597013360777,1.40896007673,supported
544,106.3216,19.89,4.32,6480.4199,8.88,0.610824669814,1.40896007673,supported
545,102.5635,21.85,4.32,6973.8599,12.21,0.528120844237,1.40896007673,supported
547,126.9685,7.43,2.61,5484.3599,14.7,0.644785126807,1.40896007673,supported
548,102.9662,14.68,7.91,2154.27,17.81,0.897969762581,1.40896007673,supported
549,124.15,7.07,3.8,5057.1602,13.46,0.546578143579,1.40896007673,supported
550,124.5526,17.2,1.94,5565.1299,13.82,0.671321969031,1.40896007673,supported
551,125.6934,18,6.44,6542.1401,15.61,0.985037346464,1.40896007673,supported
557,93.7276,37.56,1.64,5517.4199,-9.99,1.42664978817,1.40896007673,borderline
558,125.0447,22.06,13.95,5327.7202,23.55,1.32010862149,1.40896007673,supported
559,137.1018,14.81,1.04,2309.74,4.77,0.751700541256,1.40896007673,supported
561,115.2022,24.9,4.02,4988.8799,-14.78,1.23145967569,1.40896007673,supported
562,131.6437,19.84,6.22,3787.48,-8.42,1.26781920216,1.40896007673,supported
563,116.6562,24.84,8.23,5410.6001,5.21,1.18493727653,1.40896007673,supported
564,97.1054,35.38,-5.25,6150.0698,-7.06,1.27036246018,1.40896007673,supported
565,114.5759,16.43,8.74,3781.5601,24.01,0.768568455213,1.40896007673,supported
567,99.2529,15.04,14.01,2359.53,30.11,1.3696520761,1.40896007673,supported
568,124.0381,9.39,2.8,4506.5498,18.86,0.524829910337,1.40896007673,supported
569,97.1278,14.98,6.17,1697.85,20.47,0.609822140935,1.40896007673,supported
570,124.0605,5.07,-6.42,3618.5701,11.79,0.943224744736,1.40896007673,supported
572,111.8468,16.34,4.78,3286.3501,30.48,0.653007810141,1.40896007673,supported
574,123.7026,13.72,7.78,2957.6101,31.52,0.964857633832,1.40896007673,supported
575,112.5179,10.61,7.95,848.08,19.51,1.14238858408,1.40896007673,supported
576,100.9306,20.15,2.69,4564.2798,12.7,0.537851515342,1.40896007673,supported
579,89.6564,26.81,-8.43,5113.6299,-1.52,0.80962450115,1.40896007673,supported
580,131.9792,13.01,3.42,4876.5498,27.88,0.809066728045,1.40896007673,supported
581,97.3067,18.86,-6.56,5420.1802,32.63,1.17996704006,1.40896007673,supported
582,135.5807,17.97,8.69,3609.23,22.09,0.994378927888,1.40896007673,supported
583,100.9306,16.8,-5.25,5512.3799,27.56,0.976478635232,1.40896007673,supported
584,93.8842,33.7,-9.31,6717.8999,-14.93,1.2637750297,1.40896007673,supported
585,116.3431,13.85,7.51,1939.41,16.7,0.919249204131,1.40896007673,supported
586,121.2867,13.05,-4.36,3952.6399,0.63,0.501171049575,1.40896007673,supported
590,130.3015,10.06,0.39,4075.6399,3.08,0.767138940328,1.40896007673,supported
591,119.5419,15.7,1.57,2974.1599,3.34,0.559103234028,1.40896007673,supported
592,122.5394,15.86,-1.33,5215.27,14.87,0.770414508874,1.40896007673,supported
593,98.4028,15.89,7.33,1863.6899,-4.55,0.961405358801,1.40896007673,supported
594,119.1616,14.51,2.67,3602.25,0.09,0.50715534983,1.40896007673,supported
595,109.9678,15.45,15.75,2974.6299,33.17,1.46554172382,1.40896007673,borderline
596,115.6272,15.85,6.72,3497.8601,26.32,0.65472046062,1.40896007673,supported
597,126.4316,13.82,1.23,2976.29,10.65,0.587212677742,1.40896007673,supported
600,118.7142,20.57,2.47,4002.25,15.28,0.734098392428,1.40896007673,supported
601,133.3885,14.37,0.06,2760.6599,13.15,0.611212883841,1.40896007673,supported
602,133.2543,15.67,3.67,2284.8301,8.56,0.702147806002,1.40896007673,supported
603,129.8542,19.15,8.73,4660.5498,27.52,1.0614520337,1.40896007673,supported
604,116.8576,23.1,-1.08,3490.4399,1.53,0.927786309242,1.40896007673,supported
605,85.6747,28.22,-0.32,4782.3901,-0.3,0.722216341712,1.40896007673,supported
606,86.1668,14.77,3.85,5825.2402,13.48,1.01787420752,1.40896007673,supported
609,125.4027,13.54,-2.85,4059.02,4.01,0.599185846649,1.40896007673,supported
610,121.7564,9.09,-0.37,3276.4399,-11.98,0.719591612065,1.40896007673,supported
611,119.8774,13.45,5.53,4175.6899,0.94,0.743813958334,1.40896007673,supported
613,121.7341,16.66,4.51,988.7,-0.96,0.909679790683,1.40896007673,supported
614,127.1027,16.5,4.13,1271.02,-31.98,1.13220104218,1.40896007673,supported
615,133.724,18.46,6.66,1958.88,17.72,0.922595302049,1.40896007673,supported
616,130.0331,13.74,-2.65,3095.5,6.99,0.488783422383,1.40896007673,supported
617,122.0696,15.48,9.61,613.8,-29.2,1.32332253073,1.40896007673,supported
619,140.8822,17.8,0.48,2683.95,18.69,0.962608150898,1.40896007673,supported
620,137.4374,19.57,9.64,5810.9302,34.82,1.23909869102,1.40896007673,supported
621,135.3794,18.63,9.4,2212.24,19.62,1.05821491227,1.40896007673,supported
622,131.241,13.29,4.83,2919.79,14.44,0.715380577675,1.40896007673,supported
624,110.3033,10.34,0.25,1519.63,-52.83,0.693330486533,1.40896007673,supported
625,128.7581,8.76,4.8,4748.2798,18.51,0.56156968486,1.40896007673,supported
626,134.3951,9.56,-4.49,2459.0601,6.09,0.585048441086,1.40896007673,supported
628,139.898,12.88,-3.31,1748.7,-22.75,1.12343570626,1.40896007673,supported
629,106.8808,18.48,1.22,2314.4099,18.57,0.787823690828,1.40896007673,supported
630,115.6496,18.63,8.01,6115.9502,31.82,0.791639603606,1.40896007673,supported
631,127.0132,11.75,-4.31,3580.6201,23.4,0.73710294988,1.40896007673,supported
632,122.8973,4.36,-8.76,3650.6599,27.23,0.927804247371,1.40896007673,supported
633,91.7815,13.8,-3.41,4462.3999,-58.14,1.57920485017,1.40896007673,borderline
634,78.1586,14.57,-3.15,2322.8799,-42.84,1.05996601587,1.40896007673,supported
635,84.6233,15.7,-4.49,2246.04,2.99,1.00964811069,1.40896007673,supported
636,95.7409,4.67,-4.03,3819,16.74,1.2615674879,1.40896007673,supported
638,105.2479,12.65,-3.17,4815.0601,1.2,0.475786455729,1.40896007673,supported
640,106.2545,18.7,4.15,4582.8198,12.7,0.546246423312,1.40896007673,supported
641,98.9621,21.33,8.75,6287.79,29.49,0.910010693455,1.40896007673,supported
642,94.8014,15.9,-2.44,3153.6699,6.23,0.770898818708,1.40896007673,supported
643,112.9653,12.85,-3.14,4247.1201,-6.5,0.545342601895,1.40896007673,supported
644,107.1269,17.46,1.36,4320.5601,7.78,0.479015690458,1.40896007673,supported
645,107.8203,16.08,0.51,4861.9199,15.85,0.567239837644,1.40896007673,supported
647,115.6049,12.31,-2.18,5809.8999,-0.1,0.881875864741,1.40896007673,supported
649,110.4375,16.54,2.37,4361.6099,7.3,0.524375589207,1.40896007673,supported
650,103.3241,13.65,-0.05,4968.0601,14.73,0.616082789113,1.40896007673,supported
656,105.0689,19.84,-1.12,4156.6499,9.29,0.522130666702,1.40896007673,supported
659,96.6133,18.02,3.84,4026.3899,25.43,0.657762943123,1.40896007673,supported
660,107.5295,18.26,-6.71,5037.4502,9.3,0.874716277921,1.40896007673,supported
661,94.1079,6.64,2.66,4368.7798,48.16,1.33236667797,1.40896007673,supported
662,94.1526,16.98,-6.98,3215.2,-12.79,0.708820214317,1.40896007673,supported
667,80.4626,5.36,12.11,6084.6802,-10.97,1.86096120999,1.40896007673,borderline
669,111.7573,13.11,-5.16,3532.48,0.33,0.581947673174,1.40896007673,supported
670,108.7822,13.1,2.09,5168.2998,32.5,0.651179668752,1.40896007673,supported
671,110.6836,4.52,-6.43,1884.25,12.79,0.431379335146,1.40896007673,supported
672,110.6389,15.97,-0.42,1989.9,-8.72,0.858369718989,1.40896007673,supported
674,113.0548,12.77,-3.03,4459.6001,27.63,0.803072961112,1.40896007673,supported
676,119.8774,5.52,-5.93,3215.49,28.16,0.71972206014,1.40896007673,supported
677,111.8916,16.86,4.76,1573.83,2.9,0.920828130294,1.40896007673,supported
679,124.1276,18.02,-2.96,3973.8101,21.3,0.805644883844,1.40896007673,supported
680,134.3504,9.42,-3.34,2088.1699,-4.51,0.678398793471,1.40896007673,supported
682,81.2679,7.37,-4.33,2265.1299,-3.81,1.44498256928,1.40896007673,borderline
684,78.1586,23.68,-3.43,6316.9399,-6.87,0.876482963068,1.40896007673,supported
685,80.2165,22.88,-7.06,6424.1802,-8.63,0.900871912614,1.40896007673,supported
686,77.7559,21.17,-3.64,7536,-0.82,1.12031463206,1.40896007673,supported
689,94.0632,19.87,-7.79,6203.7402,-16.78,0.932607857941,1.40896007673,supported
690,78.2257,24.32,-1.93,4055.0901,-17.56,0.964936199179,1.40896007673,supported
692,86.1444,23.78,0.88,3935,-11.76,0.854902335314,1.40896007673,supported
694,90.2156,21.99,2.63,7420.3301,-0.22,0.648095714362,1.40896007673,supported
695,85.0931,21.53,3.71,4018.3999,23.32,0.722406067935,1.40896007673,supported
697,97.5304,17.3,-1.19,3373.0801,-7.57,0.659274832927,1.40896007673,supported
698,95.0698,19.68,3.45,5621.1899,12.62,0.616435693267,1.40896007673,supported
700,92.0723,17.65,-0.95,1837.27,-12.76,0.804957002267,1.40896007673,supported
701,87.3524,21.46,2.66,2255.1101,-1.67,0.879935881825,1.40896007673,supported
704,94.4435,13.85,2.4,1111.6,-15.34,0.948551769024,1.40896007673,supported
705,96.5685,15.42,3.72,1649.3199,29.72,0.656531754568,1.40896007673,supported
708,117.7971,13.08,4.23,2900.1699,15.87,0.674711475552,1.40896007673,supported
709,85.272,13.54,7.06,1008.35,-60.62,1.15742542553,1.40896007673,supported
710,112.6297,11.41,1.86,2378.0701,-28.15,0.608921448302,1.40896007673,supported
711,102.2951,9.14,4.69,2517.1299,-9.07,1.2517364099,1.40896007673,supported
712,116.1865,8.12,1.46,3120.53,-24.77,0.777882040313,1.40896007673,supported
715,103.3912,12.63,1.74,910.05,-37.08,0.902110661647,1.40896007673,supported
716,113.5916,11.42,3.77,3942.05,11.7,0.577066930905,1.40896007673,supported
717,111.2652,11.49,0.48,1329.73,5.92,0.82500853618,1.40896007673,supported
718,97.3738,10.63,-2.74,1028.04,-63.14,1.16680999667,1.40896007673,supported
719,115.8733,6.56,3.02,1711.5699,-48.65,0.874091735695,1.40896007673,supported
720,123.0315,4.95,2.19,2675.97,-28.65,0.843301671199,1.40896007673,supported
721,115.4706,9.85,0.72,1526.03,-11.95,0.700530377728,1.40896007673,supported
722,113.0324,9.6,-1.51,1165.8,-23.59,0.792869282043,1.40896007673,supported
723,97.0607,10.68,-2.91,4368.5,-5.89,0.750156538686,1.40896007673,supported
724,92.8776,10.45,6.71,1809.59,-72.76,1.18770642368,1.40896007673,supported
725,109.3414,13.31,2.97,526.3,16.06,0.979972034556,1.40896007673,supported
726,112.2942,12.16,1.05,660.25,-26.77,0.765194586135,1.40896007673,supported
728,125.425,7.24,-3.24,2649.79,-3.04,0.715809202674,1.40896007673,supported
729,120.7275,10.42,1.21,1695.17,-0.09,0.573775739466,1.40896007673,supported
733,115.3364,8.76,-5.4,1914.25,-63.09,0.678829873844,1.40896007673,supported
734,129.9436,5.35,-4.1,1925.23,-29.79,0.977079250674,1.40896007673,supported
